Image,Who
./dataset/putin (1).jpg,putin
./dataset/putin (2).jpg,putin
./dataset/putin (3).jpg,putin
./dataset/putin (4).jpg,putin
./dataset/putin (5).jpg,putin
./dataset/putin (6).jpg,putin
./dataset/putin (7).jpg,putin
./dataset/putin (8).jpg,putin
./dataset/putin (9).jpg,putin
./dataset/putin (10).jpg,putin
./dataset/putin (11).jpg,putin
./dataset/putin (12).jpg,putin
./dataset/putin (13).jpg,putin
./dataset/putin (14).jpg,putin
./dataset/putin (15).jpg,putin
./dataset/putin (16).jpg,putin
./dataset/putin (17).jpg,putin
./dataset/putin (18).jpg,putin
./dataset/putin (19).jpg,putin
./dataset/putin (20).jpg,putin
./dataset/putin (21).jpg,putin
./dataset/putin (22).jpg,putin
./dataset/putin (23).jpg,putin
./dataset/putin (24).jpg,putin
./dataset/putin (25).jpg,putin
./dataset/putin (26).jpg,putin
./dataset/putin (27).jpg,putin
./dataset/putin (28).jpg,putin
./dataset/putin (29).jpg,putin
./dataset/putin (30).jpg,putin
./dataset/putin (31).jpg,putin
./dataset/putin (32).jpg,putin
./dataset/putin (33).jpg,putin
./dataset/putin (34).jpg,putin
./dataset/putin (35).jpg,putin
./dataset/putin (36).jpg,putin
./dataset/putin (37).jpg,putin
./dataset/putin (38).jpg,putin
./dataset/putin (39).jpg,putin
./dataset/putin (40).jpg,putin
./dataset/putin (41).jpg,putin
./dataset/putin (42).jpg,putin
./dataset/putin (43).jpg,putin
./dataset/putin (44).jpg,putin
./dataset/putin (45).jpg,putin
./dataset/putin (46).jpg,putin
./dataset/putin (47).jpg,putin
./dataset/putin (48).jpg,putin
./dataset/putin (49).jpg,putin
./dataset/putin (50).jpg,putin
./dataset/putin (51).jpg,putin
./dataset/putin (52).jpg,putin
./dataset/putin (53).jpg,putin
./dataset/putin (54).jpg,putin
./dataset/putin (55).jpg,putin
./dataset/putin (56).jpg,putin
./dataset/putin (57).jpg,putin
./dataset/putin (58).jpg,putin
./dataset/putin (59).jpg,putin
./dataset/putin (60).jpg,putin
./dataset/putin (61).jpg,putin
./dataset/putin (62).jpg,putin
./dataset/putin (63).jpg,putin
./dataset/putin (64).jpg,putin
./dataset/putin (65).jpg,putin
./dataset/putin (66).jpg,putin
./dataset/putin (67).jpg,putin
./dataset/putin (68).jpg,putin
./dataset/putin (69).jpg,putin
./dataset/putin (70).jpg,putin
./dataset/putin (71).jpg,putin
./dataset/putin (72).jpg,putin
./dataset/putin (73).jpg,putin
./dataset/putin (74).jpg,putin
./dataset/putin (75).jpg,putin
./dataset/putin (76).jpg,putin
./dataset/putin (77).jpg,putin
./dataset/putin (78).jpg,putin
./dataset/putin (79).jpg,putin
./dataset/putin (80).jpg,putin
./dataset/putin (81).jpg,putin
./dataset/putin (82).jpg,putin
./dataset/putin (83).jpg,putin
./dataset/putin (84).jpg,putin
./dataset/putin (85).jpg,putin
./dataset/putin (86).jpg,putin
./dataset/putin (87).jpg,putin
./dataset/putin (88).jpg,putin
./dataset/putin (89).jpg,putin
./dataset/putin (90).jpg,putin
./dataset/putin (91).jpg,putin
./dataset/putin (92).jpg,putin
./dataset/putin (93).jpg,putin
./dataset/putin (94).jpg,putin
./dataset/putin (95).jpg,putin
./dataset/putin (96).jpg,putin
./dataset/putin (97).jpg,putin
./dataset/putin (98).jpg,putin
./dataset/putin (99).jpg,putin
./dataset/putin (100).jpg,putin
./dataset/putin (101).jpg,putin
./dataset/putin (102).jpg,putin
./dataset/putin (103).jpg,putin
./dataset/putin (104).jpg,putin
./dataset/putin (105).jpg,putin
./dataset/putin (106).jpg,putin
./dataset/putin (107).jpg,putin
./dataset/putin (108).jpg,putin
./dataset/putin (109).jpg,putin
./dataset/putin (110).jpg,putin
./dataset/putin (111).jpg,putin
./dataset/putin (112).jpg,putin
./dataset/putin (113).jpg,putin
./dataset/putin (114).jpg,putin
./dataset/putin (115).jpg,putin
./dataset/putin (116).jpg,putin
./dataset/putin (117).jpg,putin
./dataset/putin (118).jpg,putin
./dataset/putin (119).jpg,putin
./dataset/putin (120).jpg,putin
./dataset/putin (121).jpg,putin
./dataset/putin (122).jpg,putin
./dataset/putin (123).jpg,putin
./dataset/putin (124).jpg,putin
./dataset/putin (125).jpg,putin
./dataset/putin (126).jpg,putin
./dataset/putin (127).jpg,putin
./dataset/putin (128).jpg,putin
./dataset/putin (129).jpg,putin
./dataset/putin (130).jpg,putin
./dataset/putin (131).jpg,putin
./dataset/putin (132).jpg,putin
./dataset/putin (133).jpg,putin
./dataset/putin (134).jpg,putin
./dataset/putin (135).jpg,putin
./dataset/putin (136).jpg,putin
./dataset/putin (137).jpg,putin
./dataset/putin (138).jpg,putin
./dataset/putin (139).jpg,putin
./dataset/putin (140).jpg,putin
./dataset/putin (141).jpg,putin
./dataset/putin (142).jpg,putin
./dataset/putin (143).jpg,putin
./dataset/putin (144).jpg,putin
./dataset/putin (145).jpg,putin
./dataset/putin (146).jpg,putin
./dataset/putin (147).jpg,putin
./dataset/putin (148).jpg,putin
./dataset/putin (149).jpg,putin
./dataset/putin (150).jpg,putin
./dataset/putin (151).jpg,putin
./dataset/putin (152).jpg,putin
./dataset/putin (153).jpg,putin
./dataset/putin (154).jpg,putin
./dataset/putin (155).jpg,putin
./dataset/putin (156).jpg,putin
./dataset/putin (157).jpg,putin
./dataset/putin (158).jpg,putin
./dataset/putin (159).jpg,putin
./dataset/putin (160).jpg,putin
./dataset/putin (161).jpg,putin
./dataset/putin (162).jpg,putin
./dataset/putin (163).jpg,putin
./dataset/putin (164).jpg,putin
./dataset/putin (165).jpg,putin
./dataset/putin (166).jpg,putin
./dataset/putin (167).jpg,putin
./dataset/putin (168).jpg,putin
./dataset/putin (169).jpg,putin
./dataset/putin (170).jpg,putin
./dataset/putin (171).jpg,putin
./dataset/putin (172).jpg,putin
./dataset/putin (173).jpg,putin
./dataset/putin (174).jpg,putin
./dataset/putin (175).jpg,putin
./dataset/putin (176).jpg,putin
./dataset/putin (177).jpg,putin
./dataset/putin (178).jpg,putin
./dataset/putin (179).jpg,putin
./dataset/putin (180).jpg,putin
./dataset/putin (181).jpg,putin
./dataset/putin (182).jpg,putin
./dataset/putin (183).jpg,putin
./dataset/putin (184).jpg,putin
./dataset/putin (185).jpg,putin
./dataset/putin (186).jpg,putin
./dataset/putin (187).jpg,putin
./dataset/putin (188).jpg,putin
./dataset/putin (189).jpg,putin
./dataset/putin (190).jpg,putin
./dataset/putin (191).jpg,putin
./dataset/putin (192).jpg,putin
./dataset/putin (193).jpg,putin
./dataset/putin (194).jpg,putin
./dataset/putin (195).jpg,putin
./dataset/putin (196).jpg,putin
./dataset/putin (197).jpg,putin
./dataset/putin (198).jpg,putin
./dataset/putin (199).jpg,putin
./dataset/putin (200).jpg,putin
./dataset/putin (201).jpg,putin
./dataset/putin (202).jpg,putin
./dataset/putin (203).jpg,putin
./dataset/putin (204).jpg,putin
./dataset/putin (205).jpg,putin
./dataset/putin (206).jpg,putin
./dataset/putin (207).jpg,putin
./dataset/putin (208).jpg,putin
./dataset/putin (209).jpg,putin
./dataset/putin (210).jpg,putin
./dataset/putin (211).jpg,putin
./dataset/putin (212).jpg,putin
./dataset/putin (213).jpg,putin
./dataset/putin (214).jpg,putin
./dataset/putin (215).jpg,putin
./dataset/putin (216).jpg,putin
./dataset/putin (217).jpg,putin
./dataset/putin (218).jpg,putin
./dataset/putin (219).jpg,putin
./dataset/putin (220).jpg,putin
./dataset/putin (221).jpg,putin
./dataset/putin (222).jpg,putin
./dataset/putin (223).jpg,putin
./dataset/putin (224).jpg,putin
./dataset/putin (225).jpg,putin
./dataset/putin (226).jpg,putin
./dataset/putin (227).jpg,putin
./dataset/putin (228).jpg,putin
./dataset/putin (229).jpg,putin
./dataset/putin (230).jpg,putin
./dataset/putin (231).jpg,putin
./dataset/putin (232).jpg,putin
./dataset/putin (233).jpg,putin
./dataset/putin (234).jpg,putin
./dataset/putin (235).jpg,putin
./dataset/putin (236).jpg,putin
./dataset/putin (237).jpg,putin
./dataset/putin (238).jpg,putin
./dataset/putin (239).jpg,putin
./dataset/putin (240).jpg,putin
./dataset/putin (241).jpg,putin
./dataset/putin (242).jpg,putin
./dataset/putin (243).jpg,putin
./dataset/putin (244).jpg,putin
./dataset/putin (245).jpg,putin
./dataset/putin (246).jpg,putin
./dataset/putin (247).jpg,putin
./dataset/putin (248).jpg,putin
./dataset/putin (249).jpg,putin
./dataset/putin (250).jpg,putin
./dataset/putin (251).jpg,putin
./dataset/putin (252).jpg,putin
./dataset/putin (253).jpg,putin
./dataset/putin (254).jpg,putin
./dataset/putin (255).jpg,putin
./dataset/putin (256).jpg,putin
./dataset/putin (257).jpg,putin
./dataset/putin (258).jpg,putin
./dataset/putin (259).jpg,putin
./dataset/putin (260).jpg,putin
./dataset/putin (261).jpg,putin
./dataset/putin (262).jpg,putin
./dataset/putin (263).jpg,putin
./dataset/putin (264).jpg,putin
./dataset/putin (265).jpg,putin
./dataset/putin (266).jpg,putin
./dataset/putin (267).jpg,putin
./dataset/putin (268).jpg,putin
./dataset/putin (269).jpg,putin
./dataset/putin (270).jpg,putin
./dataset/putin (271).jpg,putin
./dataset/putin (272).jpg,putin
./dataset/putin (273).jpg,putin
./dataset/putin (274).jpg,putin
./dataset/putin (275).jpg,putin
./dataset/putin (276).jpg,putin
./dataset/putin (277).jpg,putin
./dataset/putin (278).jpg,putin
./dataset/putin (279).jpg,putin
./dataset/putin (280).jpg,putin
./dataset/putin (281).jpg,putin
./dataset/putin (282).jpg,putin
./dataset/putin (283).jpg,putin
./dataset/putin (284).jpg,putin
./dataset/putin (285).jpg,putin
./dataset/putin (286).jpg,putin
./dataset/putin (287).jpg,putin
./dataset/putin (288).jpg,putin
./dataset/putin (289).jpg,putin
./dataset/putin (290).jpg,putin
./dataset/putin (291).jpg,putin
./dataset/putin (292).jpg,putin
./dataset/putin (293).jpg,putin
./dataset/putin (294).jpg,putin
./dataset/putin (295).jpg,putin
./dataset/putin (296).jpg,putin
./dataset/putin (297).jpg,putin
./dataset/putin (298).jpg,putin
./dataset/putin (299).jpg,putin
./dataset/putin (300).jpg,putin
./dataset/putin (301).jpg,putin
./dataset/putin (302).jpg,putin
./dataset/putin (303).jpg,putin
./dataset/putin (304).jpg,putin
./dataset/putin (305).jpg,putin
./dataset/putin (306).jpg,putin
./dataset/putin (307).jpg,putin
./dataset/putin (308).jpg,putin
./dataset/putin (309).jpg,putin
./dataset/putin (310).jpg,putin
./dataset/putin (311).jpg,putin
./dataset/putin (312).jpg,putin
./dataset/putin (313).jpg,putin
./dataset/putin (314).jpg,putin
./dataset/putin (315).jpg,putin
./dataset/putin (316).jpg,putin
./dataset/putin (317).jpg,putin
./dataset/putin (318).jpg,putin
./dataset/putin (319).jpg,putin
./dataset/putin (320).jpg,putin
./dataset/putin (321).jpg,putin
./dataset/putin (322).jpg,putin
./dataset/putin (323).jpg,putin
./dataset/putin (324).jpg,putin
./dataset/putin (325).jpg,putin
./dataset/putin (326).jpg,putin
./dataset/putin (327).jpg,putin
./dataset/putin (328).jpg,putin
./dataset/putin (329).jpg,putin
./dataset/putin (330).jpg,putin
./dataset/putin (331).jpg,putin
./dataset/putin (332).jpg,putin
./dataset/putin (333).jpg,putin
./dataset/putin (334).jpg,putin
./dataset/putin (335).jpg,putin
./dataset/putin (336).jpg,putin
./dataset/putin (337).jpg,putin
./dataset/putin (338).jpg,putin
./dataset/putin (339).jpg,putin
./dataset/putin (340).jpg,putin
./dataset/putin (341).jpg,putin
./dataset/putin (342).jpg,putin
./dataset/putin (343).jpg,putin
./dataset/putin (344).jpg,putin
./dataset/putin (345).jpg,putin
./dataset/putin (346).jpg,putin
./dataset/putin (347).jpg,putin
./dataset/putin (348).jpg,putin
./dataset/putin (349).jpg,putin
./dataset/putin (350).jpg,putin
./dataset/putin (351).jpg,putin
./dataset/putin (352).jpg,putin
./dataset/putin (353).jpg,putin
./dataset/putin (354).jpg,putin
./dataset/putin (355).jpg,putin
./dataset/putin (356).jpg,putin
./dataset/putin (357).jpg,putin
./dataset/putin (358).jpg,putin
./dataset/putin (359).jpg,putin
./dataset/putin (360).jpg,putin
./dataset/putin (361).jpg,putin
./dataset/putin (362).jpg,putin
./dataset/putin (363).jpg,putin
./dataset/putin (364).jpg,putin
./dataset/putin (365).jpg,putin
./dataset/putin (366).jpg,putin
./dataset/putin (367).jpg,putin
./dataset/putin (368).jpg,putin
./dataset/putin (369).jpg,putin
./dataset/putin (370).jpg,putin
./dataset/putin (371).jpg,putin
./dataset/putin (372).jpg,putin
./dataset/putin (373).jpg,putin
./dataset/putin (374).jpg,putin
./dataset/putin (375).jpg,putin
./dataset/putin (376).jpg,putin
./dataset/putin (377).jpg,putin
./dataset/putin (378).jpg,putin
./dataset/putin (379).jpg,putin
./dataset/putin (380).jpg,putin
./dataset/putin (381).jpg,putin
./dataset/putin (382).jpg,putin
./dataset/putin (383).jpg,putin
./dataset/putin (384).jpg,putin
./dataset/putin (385).jpg,putin
./dataset/putin (386).jpg,putin
./dataset/putin (387).jpg,putin
./dataset/putin (388).jpg,putin
./dataset/putin (389).jpg,putin
./dataset/putin (390).jpg,putin
./dataset/putin (391).jpg,putin
./dataset/putin (392).jpg,putin
./dataset/putin (393).jpg,putin
./dataset/putin (394).jpg,putin
./dataset/putin (395).jpg,putin
./dataset/putin (396).jpg,putin
./dataset/putin (397).jpg,putin
./dataset/putin (398).jpg,putin
./dataset/putin (399).jpg,putin
./dataset/putin (400).jpg,putin
./dataset/putin (401).jpg,putin
./dataset/putin (402).jpg,putin
./dataset/putin (403).jpg,putin
./dataset/putin (404).jpg,putin
./dataset/putin (405).jpg,putin
./dataset/putin (406).jpg,putin
./dataset/putin (407).jpg,putin
./dataset/putin (408).jpg,putin
./dataset/putin (409).jpg,putin
./dataset/putin (410).jpg,putin
./dataset/putin (411).jpg,putin
./dataset/putin (412).jpg,putin
./dataset/putin (413).jpg,putin
./dataset/putin (414).jpg,putin
./dataset/putin (415).jpg,putin
./dataset/putin (416).jpg,putin
./dataset/putin (417).jpg,putin
./dataset/putin (418).jpg,putin
./dataset/putin (419).jpg,putin
./dataset/putin (420).jpg,putin
./dataset/putin (421).jpg,putin
./dataset/putin (422).jpg,putin
./dataset/putin (423).jpg,putin
./dataset/putin (424).jpg,putin
./dataset/putin (425).jpg,putin
./dataset/putin (426).jpg,putin
./dataset/putin (427).jpg,putin
./dataset/putin (428).jpg,putin
./dataset/putin (429).jpg,putin
./dataset/putin (430).jpg,putin
./dataset/putin (431).jpg,putin
./dataset/putin (432).jpg,putin
./dataset/putin (433).jpg,putin
./dataset/putin (434).jpg,putin
./dataset/putin (435).jpg,putin
./dataset/putin (436).jpg,putin
./dataset/putin (437).jpg,putin
./dataset/putin (438).jpg,putin
./dataset/putin (439).jpg,putin
./dataset/putin (440).jpg,putin
./dataset/putin (441).jpg,putin
./dataset/putin (442).jpg,putin
./dataset/putin (443).jpg,putin
./dataset/putin (444).jpg,putin
./dataset/putin (445).jpg,putin
./dataset/putin (446).jpg,putin
./dataset/putin (447).jpg,putin
./dataset/putin (448).jpg,putin
./dataset/putin (449).jpg,putin
./dataset/putin (450).jpg,putin
./dataset/putin (451).jpg,putin
./dataset/putin (452).jpg,putin
./dataset/putin (453).jpg,putin
./dataset/putin (454).jpg,putin
./dataset/putin (455).jpg,putin
./dataset/putin (456).jpg,putin
./dataset/putin (457).jpg,putin
./dataset/putin (458).jpg,putin
./dataset/putin (459).jpg,putin
./dataset/putin (460).jpg,putin
./dataset/putin (461).jpg,putin
./dataset/putin (462).jpg,putin
./dataset/putin (463).jpg,putin
./dataset/putin (464).jpg,putin
./dataset/putin (465).jpg,putin
./dataset/putin (466).jpg,putin
./dataset/putin (467).jpg,putin
./dataset/putin (468).jpg,putin
./dataset/putin (469).jpg,putin
./dataset/putin (470).jpg,putin
./dataset/putin (471).jpg,putin
./dataset/naval (1).jpg,navalniy
./dataset/naval (2).jpg,navalniy
./dataset/naval (3).jpg,navalniy
./dataset/naval (4).jpg,navalniy
./dataset/naval (5).jpg,navalniy
./dataset/naval (6).jpg,navalniy
./dataset/naval (7).jpg,navalniy
./dataset/naval (8).jpg,navalniy
./dataset/naval (9).jpg,navalniy
./dataset/naval (10).jpg,navalniy
./dataset/naval (11).jpg,navalniy
./dataset/naval (12).jpg,navalniy
./dataset/naval (13).jpg,navalniy
./dataset/naval (14).jpg,navalniy
./dataset/naval (15).jpg,navalniy
./dataset/naval (16).jpg,navalniy
./dataset/naval (17).jpg,navalniy
./dataset/naval (18).jpg,navalniy
./dataset/naval (19).jpg,navalniy
./dataset/naval (20).jpg,navalniy
./dataset/naval (21).jpg,navalniy
./dataset/naval (22).jpg,navalniy
./dataset/naval (23).jpg,navalniy
./dataset/naval (24).jpg,navalniy
./dataset/naval (25).jpg,navalniy
./dataset/naval (26).jpg,navalniy
./dataset/naval (27).jpg,navalniy
./dataset/naval (28).jpg,navalniy
./dataset/naval (29).jpg,navalniy
./dataset/naval (30).jpg,navalniy
./dataset/naval (31).jpg,navalniy
./dataset/naval (32).jpg,navalniy
./dataset/naval (33).jpg,navalniy
./dataset/naval (34).jpg,navalniy
./dataset/naval (35).jpg,navalniy
./dataset/naval (36).jpg,navalniy
./dataset/naval (37).jpg,navalniy
./dataset/naval (38).jpg,navalniy
./dataset/naval (39).jpg,navalniy
./dataset/naval (40).jpg,navalniy
./dataset/naval (41).jpg,navalniy
./dataset/naval (42).jpg,navalniy
./dataset/naval (43).jpg,navalniy
./dataset/naval (44).jpg,navalniy
./dataset/naval (45).jpg,navalniy
./dataset/naval (46).jpg,navalniy
./dataset/naval (47).jpg,navalniy
./dataset/naval (48).jpg,navalniy
./dataset/naval (49).jpg,navalniy
./dataset/naval (50).jpg,navalniy
./dataset/naval (51).jpg,navalniy
./dataset/naval (52).jpg,navalniy
./dataset/naval (53).jpg,navalniy
./dataset/naval (54).jpg,navalniy
./dataset/naval (55).jpg,navalniy
./dataset/naval (56).jpg,navalniy
./dataset/naval (57).jpg,navalniy
./dataset/naval (58).jpg,navalniy
./dataset/naval (59).jpg,navalniy
./dataset/naval (60).jpg,navalniy
./dataset/naval (61).jpg,navalniy
./dataset/naval (62).jpg,navalniy
./dataset/naval (63).jpg,navalniy
./dataset/naval (64).jpg,navalniy
./dataset/naval (65).jpg,navalniy
./dataset/naval (66).jpg,navalniy
./dataset/naval (67).jpg,navalniy
./dataset/naval (68).jpg,navalniy
./dataset/naval (69).jpg,navalniy
./dataset/naval (70).jpg,navalniy
./dataset/naval (71).jpg,navalniy
./dataset/naval (72).jpg,navalniy
./dataset/naval (73).jpg,navalniy
./dataset/naval (74).jpg,navalniy
./dataset/naval (75).jpg,navalniy
./dataset/naval (76).jpg,navalniy
./dataset/naval (77).jpg,navalniy
./dataset/naval (78).jpg,navalniy
./dataset/naval (79).jpg,navalniy
./dataset/naval (80).jpg,navalniy
./dataset/naval (81).jpg,navalniy
./dataset/naval (82).jpg,navalniy
./dataset/naval (83).jpg,navalniy
./dataset/naval (84).jpg,navalniy
./dataset/naval (85).jpg,navalniy
./dataset/naval (86).jpg,navalniy
./dataset/naval (87).jpg,navalniy
./dataset/naval (88).jpg,navalniy
./dataset/naval (89).jpg,navalniy
./dataset/naval (90).jpg,navalniy
./dataset/naval (91).jpg,navalniy
./dataset/naval (92).jpg,navalniy
./dataset/pruts (1).jpg,prutskiy
./dataset/pruts (2).jpg,prutskiy
./dataset/pruts (3).jpg,prutskiy
./dataset/pruts (4).jpg,prutskiy
./dataset/pruts (5).jpg,prutskiy
./dataset/pruts (6).jpg,prutskiy
./dataset/pruts (7).jpg,prutskiy
./dataset/pruts (8).jpg,prutskiy
./dataset/pruts (9).jpg,prutskiy
./dataset/pruts (10).jpg,prutskiy
./dataset/pruts (11).jpg,prutskiy
./dataset/pruts (12).jpg,prutskiy
./dataset/pruts (13).jpg,prutskiy
./dataset/pruts (14).jpg,prutskiy
./dataset/pruts (15).jpg,prutskiy
./dataset/pruts (16).jpg,prutskiy
./dataset/pruts (17).jpg,prutskiy
./dataset/pruts (18).jpg,prutskiy
./dataset/pruts (19).jpg,prutskiy
./dataset/pruts (20).jpg,prutskiy
./dataset/pruts (21).jpg,prutskiy
./dataset/pruts (22).jpg,prutskiy
./dataset/pruts (23).jpg,prutskiy
./dataset/pruts (24).jpg,prutskiy
./dataset/pruts (25).jpg,prutskiy
./dataset/pruts (26).jpg,prutskiy
./dataset/pruts (27).jpg,prutskiy
./dataset/pruts (28).jpg,prutskiy
./dataset/pruts (29).jpg,prutskiy
./dataset/pruts (30).jpg,prutskiy
./dataset/pruts (31).jpg,prutskiy
./dataset/pruts (32).jpg,prutskiy
./dataset/pruts (33).jpg,prutskiy
./dataset/pruts (34).jpg,prutskiy
./dataset/pruts (35).jpg,prutskiy
./dataset/pruts (36).jpg,prutskiy
./dataset/pruts (37).jpg,prutskiy
./dataset/pruts (38).jpg,prutskiy
./dataset/pruts (39).jpg,prutskiy
./dataset/pruts (40).jpg,prutskiy
./dataset/pruts (41).jpg,prutskiy
./dataset/pruts (42).jpg,prutskiy
./dataset/pruts (43).jpg,prutskiy
./dataset/pruts (44).jpg,prutskiy
./dataset/pruts (45).jpg,prutskiy
./dataset/pruts (46).jpg,prutskiy
./dataset/pruts (47).jpg,prutskiy
./dataset/pruts (48).jpg,prutskiy
./dataset/pruts (49).jpg,prutskiy
./dataset/pruts (50).jpg,prutskiy
./dataset/pruts (51).jpg,prutskiy
./dataset/pruts (52).jpg,prutskiy
./dataset/pruts (53).jpg,prutskiy
./dataset/pruts (54).jpg,prutskiy
./dataset/pruts (55).jpg,prutskiy
./dataset/pruts (56).jpg,prutskiy
./dataset/pruts (57).jpg,prutskiy
./dataset/pruts (58).jpg,prutskiy
./dataset/pruts (59).jpg,prutskiy
./dataset/pruts (60).jpg,prutskiy
./dataset/pruts (61).jpg,prutskiy
./dataset/pruts (62).jpg,prutskiy
./dataset/pruts (63).jpg,prutskiy
./dataset/pruts (64).jpg,prutskiy
./dataset/pruts (65).jpg,prutskiy
./dataset/pruts (66).jpg,prutskiy
./dataset/pruts (67).jpg,prutskiy
./dataset/pruts (68).jpg,prutskiy
./dataset/pruts (69).jpg,prutskiy
./dataset/pruts (70).jpg,prutskiy
./dataset/pruts (71).jpg,prutskiy
./dataset/pruts (72).jpg,prutskiy
./dataset/pruts (73).jpg,prutskiy
./dataset/pruts (74).jpg,prutskiy
./dataset/pruts (75).jpg,prutskiy
./dataset/pruts (76).jpg,prutskiy
./dataset/pruts (77).jpg,prutskiy
./dataset/pruts (78).jpg,prutskiy
./dataset/pruts (79).jpg,prutskiy
./dataset/pruts (80).jpg,prutskiy
./dataset/pruts (81).jpg,prutskiy
./dataset/pruts (82).jpg,prutskiy
./dataset/pruts (83).jpg,prutskiy
./dataset/pruts (84).jpg,prutskiy
./dataset/pruts (85).jpg,prutskiy
./dataset/pruts (86).jpg,prutskiy
./dataset/pruts (87).jpg,prutskiy
./dataset/pruts (88).jpg,prutskiy
./dataset/pruts (89).jpg,prutskiy
./dataset/pruts (90).jpg,prutskiy
./dataset/pruts (91).jpg,prutskiy
./dataset/pruts (92).jpg,prutskiy
./dataset/pruts (93).jpg,prutskiy
./dataset/pruts (94).jpg,prutskiy
./dataset/pruts (95).jpg,prutskiy
./dataset/pruts (96).jpg,prutskiy
./dataset/pruts (97).jpg,prutskiy
./dataset/pruts (98).jpg,prutskiy
./dataset/pruts (99).jpg,prutskiy
./dataset/pruts (100).jpg,prutskiy
./dataset/pruts (101).jpg,prutskiy
./dataset/pruts (102).jpg,prutskiy
./dataset/pruts (103).jpg,prutskiy
./dataset/pruts (104).jpg,prutskiy
./dataset/pruts (105).jpg,prutskiy
./dataset/pruts (106).jpg,prutskiy
./dataset/pruts (107).jpg,prutskiy
./dataset/pruts (108).jpg,prutskiy
./dataset/pruts (109).jpg,prutskiy
./dataset/pruts (110).jpg,prutskiy
./dataset/pruts (111).jpg,prutskiy
./dataset/pruts (112).jpg,prutskiy
./dataset/pruts (113).jpg,prutskiy
./dataset/pruts (114).jpg,prutskiy
./dataset/pruts (115).jpg,prutskiy
./dataset/pruts (116).jpg,prutskiy
./dataset/pruts (117).jpg,prutskiy
./dataset/pruts (118).jpg,prutskiy
./dataset/pruts (119).jpg,prutskiy
./dataset/pruts (120).jpg,prutskiy
./dataset/pruts (121).jpg,prutskiy
./dataset/pruts (122).jpg,prutskiy
./dataset/pruts (123).jpg,prutskiy
./dataset/pruts (124).jpg,prutskiy
./dataset/pruts (125).jpg,prutskiy
./dataset/pruts (126).jpg,prutskiy
./dataset/pruts (127).jpg,prutskiy
./dataset/pruts (128).jpg,prutskiy
./dataset/pruts (129).jpg,prutskiy
./dataset/pruts (130).jpg,prutskiy
./dataset/pruts (131).jpg,prutskiy
./dataset/pruts (132).jpg,prutskiy
./dataset/pruts (133).jpg,prutskiy
./dataset/pruts (134).jpg,prutskiy
./dataset/pruts (135).jpg,prutskiy
./dataset/pruts (136).jpg,prutskiy
./dataset/pruts (137).jpg,prutskiy
./dataset/pruts (138).jpg,prutskiy
./dataset/pruts (139).jpg,prutskiy
./dataset/pruts (140).jpg,prutskiy
./dataset/pruts (141).jpg,prutskiy
./dataset/pruts (142).jpg,prutskiy
./dataset/pruts (143).jpg,prutskiy
./dataset/pruts (144).jpg,prutskiy
./dataset/pruts (145).jpg,prutskiy
./dataset/pruts (146).jpg,prutskiy
./dataset/pruts (147).jpg,prutskiy
./dataset/pruts (148).jpg,prutskiy
./dataset/pruts (149).jpg,prutskiy
./dataset/pruts (150).jpg,prutskiy
./dataset/pruts (151).jpg,prutskiy
./dataset/pruts (152).jpg,prutskiy
./dataset/pruts (153).jpg,prutskiy
./dataset/pruts (154).jpg,prutskiy
./dataset/pruts (155).jpg,prutskiy
./dataset/pruts (156).jpg,prutskiy
./dataset/pruts (157).jpg,prutskiy
./dataset/pruts (158).jpg,prutskiy
./dataset/pruts (159).jpg,prutskiy
./dataset/pruts (160).jpg,prutskiy
./dataset/pruts (161).jpg,prutskiy
./dataset/pruts (162).jpg,prutskiy
./dataset/pruts (163).jpg,prutskiy
./dataset/pruts (164).jpg,prutskiy
./dataset/pruts (165).jpg,prutskiy
./dataset/pruts (166).jpg,prutskiy
./dataset/pruts (167).jpg,prutskiy
./dataset/pruts (168).jpg,prutskiy
./dataset/pruts (169).jpg,prutskiy
./dataset/pruts (170).jpg,prutskiy
./dataset/pruts (171).jpg,prutskiy
./dataset/pruts (172).jpg,prutskiy
./dataset/pruts (173).jpg,prutskiy
./dataset/pruts (174).jpg,prutskiy
./dataset/pruts (175).jpg,prutskiy
./dataset/pruts (176).jpg,prutskiy
./dataset/pruts (177).jpg,prutskiy
./dataset/pruts (178).jpg,prutskiy
./dataset/pruts (179).jpg,prutskiy
./dataset/pruts (180).jpg,prutskiy
./dataset/pruts (181).jpg,prutskiy
./dataset/pruts (182).jpg,prutskiy
./dataset/pruts (183).jpg,prutskiy
./dataset/pruts (184).jpg,prutskiy
./dataset/pruts (185).jpg,prutskiy
./dataset/pruts (186).jpg,prutskiy
./dataset/pruts (187).jpg,prutskiy
./dataset/pruts (188).jpg,prutskiy
./dataset/pruts (189).jpg,prutskiy
./dataset/pruts (190).jpg,prutskiy
./dataset/pruts (191).jpg,prutskiy
./dataset/pruts (192).jpg,prutskiy
./dataset/pruts (193).jpg,prutskiy
./dataset/pruts (194).jpg,prutskiy
./dataset/pruts (195).jpg,prutskiy
./dataset/pruts (196).jpg,prutskiy
./dataset/pruts (197).jpg,prutskiy
./dataset/pruts (198).jpg,prutskiy
./dataset/pruts (199).jpg,prutskiy
./dataset/pruts (200).jpg,prutskiy
./dataset/pruts (201).jpg,prutskiy
./dataset/pruts (202).jpg,prutskiy
./dataset/pruts (203).jpg,prutskiy
./dataset/pruts (204).jpg,prutskiy
./dataset/pruts (205).jpg,prutskiy
./dataset/pruts (206).jpg,prutskiy
./dataset/pruts (207).jpg,prutskiy
./dataset/pruts (208).jpg,prutskiy
./dataset/pruts (209).jpg,prutskiy
./dataset/pruts (210).jpg,prutskiy
./dataset/pruts (211).jpg,prutskiy
./dataset/pruts (212).jpg,prutskiy
./dataset/pruts (213).jpg,prutskiy
./dataset/pruts (214).jpg,prutskiy
./dataset/pruts (215).jpg,prutskiy
./dataset/pruts (216).jpg,prutskiy
./dataset/pruts (217).jpg,prutskiy
./dataset/pruts (218).jpg,prutskiy
./dataset/pruts (219).jpg,prutskiy
./dataset/pruts (220).jpg,prutskiy
./dataset/pruts (221).jpg,prutskiy
./dataset/pruts (222).jpg,prutskiy
./dataset/pruts (223).jpg,prutskiy
./dataset/pruts (224).jpg,prutskiy
./dataset/pruts (225).jpg,prutskiy
./dataset/pruts (226).jpg,prutskiy
./dataset/pruts (227).jpg,prutskiy
./dataset/pruts (228).jpg,prutskiy
./dataset/pruts (229).jpg,prutskiy
./dataset/pruts (230).jpg,prutskiy
./dataset/pruts (231).jpg,prutskiy
./dataset/pruts (232).jpg,prutskiy
./dataset/pruts (233).jpg,prutskiy
./dataset/pruts (234).jpg,prutskiy
./dataset/pruts (235).jpg,prutskiy
./dataset/pruts (236).jpg,prutskiy
./dataset/pruts (237).jpg,prutskiy
./dataset/pruts (238).jpg,prutskiy
./dataset/pruts (239).jpg,prutskiy
./dataset/pruts (240).jpg,prutskiy
./dataset/pruts (241).jpg,prutskiy
./dataset/pruts (242).jpg,prutskiy
./dataset/pruts (243).jpg,prutskiy
./dataset/pruts (244).jpg,prutskiy
./dataset/pruts (245).jpg,prutskiy
./dataset/pruts (246).jpg,prutskiy
./dataset/pruts (247).jpg,prutskiy
./dataset/pruts (248).jpg,prutskiy
./dataset/pruts (249).jpg,prutskiy
./dataset/pruts (250).jpg,prutskiy
./dataset/pruts (251).jpg,prutskiy
./dataset/pruts (252).jpg,prutskiy
./dataset/pruts (253).jpg,prutskiy
./dataset/pruts (254).jpg,prutskiy
./dataset/pruts (255).jpg,prutskiy
./dataset/pruts (256).jpg,prutskiy
./dataset/pruts (257).jpg,prutskiy
./dataset/pruts (258).jpg,prutskiy
./dataset/pruts (259).jpg,prutskiy
./dataset/pruts (260).jpg,prutskiy
./dataset/pruts (261).jpg,prutskiy
./dataset/pruts (262).jpg,prutskiy
./dataset/pruts (263).jpg,prutskiy
./dataset/pruts (264).jpg,prutskiy
./dataset/pruts (265).jpg,prutskiy
./dataset/pruts (266).jpg,prutskiy
./dataset/pruts (267).jpg,prutskiy
./dataset/pruts (268).jpg,prutskiy
./dataset/pruts (269).jpg,prutskiy
./dataset/pruts (270).jpg,prutskiy
./dataset/pruts (271).jpg,prutskiy
./dataset/pruts (272).jpg,prutskiy
./dataset/pruts (273).jpg,prutskiy
./dataset/pruts (274).jpg,prutskiy
./dataset/pruts (275).jpg,prutskiy
./dataset/pruts (276).jpg,prutskiy
./dataset/pruts (277).jpg,prutskiy
./dataset/pruts (278).jpg,prutskiy
./dataset/pruts (279).jpg,prutskiy
./dataset/pruts (280).jpg,prutskiy
./dataset/pruts (281).jpg,prutskiy
./dataset/pruts (282).jpg,prutskiy
./dataset/pruts (283).jpg,prutskiy
./dataset/pruts (284).jpg,prutskiy
./dataset/pruts (285).jpg,prutskiy
./dataset/pruts (286).jpg,prutskiy
./dataset/pruts (287).jpg,prutskiy
./dataset/pruts (288).jpg,prutskiy
./dataset/pruts (289).jpg,prutskiy
./dataset/pruts (290).jpg,prutskiy
./dataset/pruts (291).jpg,prutskiy
./dataset/pruts (292).jpg,prutskiy
./dataset/pruts (293).jpg,prutskiy
./dataset/pruts (294).jpg,prutskiy
./dataset/pruts (295).jpg,prutskiy
./dataset/pruts (296).jpg,prutskiy
./dataset/pruts (297).jpg,prutskiy
./dataset/pruts (298).jpg,prutskiy
./dataset/pruts (299).jpg,prutskiy
./dataset/pruts (300).jpg,prutskiy
./dataset/pruts (301).jpg,prutskiy
./dataset/pruts (302).jpg,prutskiy
./dataset/pruts (303).jpg,prutskiy
./dataset/pruts (304).jpg,prutskiy
./dataset/pruts (305).jpg,prutskiy
./dataset/pruts (306).jpg,prutskiy
./dataset/pruts (307).jpg,prutskiy
./dataset/pruts (308).jpg,prutskiy
./dataset/pruts (309).jpg,prutskiy
./dataset/pruts (310).jpg,prutskiy
./dataset/pruts (311).jpg,prutskiy
./dataset/pruts (312).jpg,prutskiy
./dataset/pruts (313).jpg,prutskiy
./dataset/pruts (314).jpg,prutskiy
./dataset/pruts (315).jpg,prutskiy
./dataset/pruts (316).jpg,prutskiy
./dataset/pruts (317).jpg,prutskiy
./dataset/pruts (318).jpg,prutskiy
./dataset/pruts (319).jpg,prutskiy
./dataset/pruts (320).jpg,prutskiy
./dataset/pruts (321).jpg,prutskiy
./dataset/pruts (322).jpg,prutskiy
./dataset/pruts (323).jpg,prutskiy
./dataset/pruts (324).jpg,prutskiy
./dataset/pruts (325).jpg,prutskiy
./dataset/pruts (326).jpg,prutskiy
./dataset/pruts (327).jpg,prutskiy
./dataset/pruts (328).jpg,prutskiy
./dataset/pruts (329).jpg,prutskiy
./dataset/pruts (330).jpg,prutskiy
./dataset/pruts (331).jpg,prutskiy
./dataset/pruts (332).jpg,prutskiy
./dataset/pruts (333).jpg,prutskiy
./dataset/pruts (334).jpg,prutskiy
./dataset/pruts (335).jpg,prutskiy
./dataset/pruts (336).jpg,prutskiy
./dataset/pruts (337).jpg,prutskiy
./dataset/pruts (338).jpg,prutskiy
./dataset/pruts (339).jpg,prutskiy
./dataset/pruts (340).jpg,prutskiy
./dataset/pruts (341).jpg,prutskiy
./dataset/pruts (342).jpg,prutskiy
./dataset/pruts (343).jpg,prutskiy
./dataset/pruts (344).jpg,prutskiy
./dataset/pruts (345).jpg,prutskiy
./dataset/pruts (346).jpg,prutskiy
./dataset/pruts (347).jpg,prutskiy
./dataset/pruts (348).jpg,prutskiy
./dataset/pruts (349).jpg,prutskiy
./dataset/pruts (350).jpg,prutskiy
./dataset/pruts (351).jpg,prutskiy
./dataset/pruts (352).jpg,prutskiy
./dataset/pruts (353).jpg,prutskiy
./dataset/pruts (354).jpg,prutskiy
./dataset/pruts (355).jpg,prutskiy
./dataset/pruts (356).jpg,prutskiy
./dataset/pruts (357).jpg,prutskiy
./dataset/pruts (358).jpg,prutskiy
./dataset/pruts (359).jpg,prutskiy
./dataset/pruts (360).jpg,prutskiy
./dataset/pruts (361).jpg,prutskiy
./dataset/pruts (362).jpg,prutskiy
./dataset/pruts (363).jpg,prutskiy
./dataset/pruts (364).jpg,prutskiy
./dataset/pruts (365).jpg,prutskiy
./dataset/pruts (366).jpg,prutskiy
./dataset/pruts (367).jpg,prutskiy
./dataset/pruts (368).jpg,prutskiy
./dataset/pruts (369).jpg,prutskiy
./dataset/pruts (370).jpg,prutskiy
./dataset/pruts (371).jpg,prutskiy
./dataset/pruts (372).jpg,prutskiy
./dataset/pruts (373).jpg,prutskiy
./dataset/pruts (374).jpg,prutskiy
./dataset/pruts (375).jpg,prutskiy
./dataset/pruts (376).jpg,prutskiy
./dataset/pruts (377).jpg,prutskiy
./dataset/pruts (378).jpg,prutskiy
./dataset/pruts (379).jpg,prutskiy
./dataset/pruts (380).jpg,prutskiy
./dataset/pruts (381).jpg,prutskiy
./dataset/pruts (382).jpg,prutskiy
./dataset/pruts (383).jpg,prutskiy
./dataset/pruts (384).jpg,prutskiy
./dataset/pruts (385).jpg,prutskiy
./dataset/pruts (386).jpg,prutskiy
./dataset/pruts (387).jpg,prutskiy
./dataset/pruts (388).jpg,prutskiy
./dataset/pruts (389).jpg,prutskiy
./dataset/pruts (390).jpg,prutskiy
./dataset/pruts (391).jpg,prutskiy
./dataset/pruts (392).jpg,prutskiy
./dataset/pruts (393).jpg,prutskiy
./dataset/pruts (394).jpg,prutskiy
./dataset/pruts (395).jpg,prutskiy
./dataset/pruts (396).jpg,prutskiy
./dataset/pruts (397).jpg,prutskiy
./dataset/pruts (398).jpg,prutskiy
./dataset/pruts (399).jpg,prutskiy
./dataset/pruts (400).jpg,prutskiy
./dataset/pruts (401).jpg,prutskiy
./dataset/pruts (402).jpg,prutskiy
./dataset/pruts (403).jpg,prutskiy
./dataset/pruts (404).jpg,prutskiy
./dataset/pruts (405).jpg,prutskiy
./dataset/pruts (406).jpg,prutskiy
./dataset/pruts (407).jpg,prutskiy
./dataset/pruts (408).jpg,prutskiy
./dataset/pruts (409).jpg,prutskiy
./dataset/pruts (410).jpg,prutskiy
./dataset/pruts (411).jpg,prutskiy
./dataset/pruts (412).jpg,prutskiy
./dataset/pruts (413).jpg,prutskiy
./dataset/pruts (414).jpg,prutskiy
./dataset/pruts (415).jpg,prutskiy
./dataset/pruts (416).jpg,prutskiy
./dataset/pruts (417).jpg,prutskiy
./dataset/pruts (418).jpg,prutskiy
./dataset/pruts (419).jpg,prutskiy
./dataset/pruts (420).jpg,prutskiy
./dataset/pruts (421).jpg,prutskiy
./dataset/pruts (422).jpg,prutskiy
./dataset/pruts (423).jpg,prutskiy
./dataset/pruts (424).jpg,prutskiy
./dataset/pruts (425).jpg,prutskiy
./dataset/pruts (426).jpg,prutskiy
./dataset/pruts (427).jpg,prutskiy
./dataset/pruts (428).jpg,prutskiy
./dataset/pruts (429).jpg,prutskiy
./dataset/pruts (430).jpg,prutskiy
./dataset/pruts (431).jpg,prutskiy
./dataset/pruts (432).jpg,prutskiy
./dataset/pruts (433).jpg,prutskiy
./dataset/pruts (434).jpg,prutskiy
./dataset/pruts (435).jpg,prutskiy
./dataset/pruts (436).jpg,prutskiy
./dataset/pruts (437).jpg,prutskiy
./dataset/pruts (438).jpg,prutskiy
./dataset/pruts (439).jpg,prutskiy
./dataset/pruts (440).jpg,prutskiy
./dataset/pruts (441).jpg,prutskiy
./dataset/pruts (442).jpg,prutskiy
./dataset/pruts (443).jpg,prutskiy
./dataset/pruts (444).jpg,prutskiy
./dataset/pruts (445).jpg,prutskiy
./dataset/pruts (446).jpg,prutskiy
./dataset/pruts (447).jpg,prutskiy
./dataset/pruts (448).jpg,prutskiy
./dataset/pruts (449).jpg,prutskiy
./dataset/pruts (450).jpg,prutskiy
./dataset/pruts (451).jpg,prutskiy
./dataset/pruts (452).jpg,prutskiy
./dataset/pruts (453).jpg,prutskiy
./dataset/pruts (454).jpg,prutskiy
./dataset/pruts (455).jpg,prutskiy
./dataset/pruts (456).jpg,prutskiy
./dataset/pruts (457).jpg,prutskiy
./dataset/pruts (458).jpg,prutskiy
./dataset/pruts (459).jpg,prutskiy
./dataset/pruts (460).jpg,prutskiy
./dataset/pruts (461).jpg,prutskiy
./dataset/pruts (462).jpg,prutskiy
./dataset/pruts (463).jpg,prutskiy
./dataset/pruts (464).jpg,prutskiy
./dataset/pruts (465).jpg,prutskiy
./dataset/pruts (466).jpg,prutskiy
./dataset/pruts (467).jpg,prutskiy
./dataset/pruts (468).jpg,prutskiy
./dataset/pruts (469).jpg,prutskiy
./dataset/pruts (470).jpg,prutskiy
./dataset/pruts (471).jpg,prutskiy
./dataset/pruts (472).jpg,prutskiy
./dataset/pruts (473).jpg,prutskiy
./dataset/pruts (474).jpg,prutskiy
./dataset/pruts (475).jpg,prutskiy
./dataset/pruts (476).jpg,prutskiy
./dataset/pruts (477).jpg,prutskiy
./dataset/pruts (478).jpg,prutskiy
./dataset/pruts (479).jpg,prutskiy
./dataset/pruts (480).jpg,prutskiy
./dataset/pruts (481).jpg,prutskiy
./dataset/pruts (482).jpg,prutskiy
./dataset/pruts (483).jpg,prutskiy
./dataset/pruts (484).jpg,prutskiy
./dataset/pruts (485).jpg,prutskiy
./dataset/pruts (486).jpg,prutskiy
./dataset/pruts (487).jpg,prutskiy
./dataset/pruts (488).jpg,prutskiy
./dataset/pruts (489).jpg,prutskiy
./dataset/pruts (490).jpg,prutskiy
./dataset/pruts (491).jpg,prutskiy
./dataset/pruts (492).jpg,prutskiy
./dataset/pruts (493).jpg,prutskiy
./dataset/pruts (494).jpg,prutskiy
./dataset/pruts (495).jpg,prutskiy
./dataset/pruts (496).jpg,prutskiy
./dataset/pruts (497).jpg,prutskiy
./dataset/pruts (498).jpg,prutskiy
./dataset/pruts (499).jpg,prutskiy
./dataset/pruts (500).jpg,prutskiy
./dataset/pruts (501).jpg,prutskiy
./dataset/pruts (502).jpg,prutskiy
./dataset/pruts (503).jpg,prutskiy
./dataset/pruts (504).jpg,prutskiy
./dataset/pruts (505).jpg,prutskiy
./dataset/pruts (506).jpg,prutskiy
./dataset/pruts (507).jpg,prutskiy
./dataset/pruts (508).jpg,prutskiy
./dataset/pruts (509).jpg,prutskiy
./dataset/pruts (510).jpg,prutskiy
./dataset/pruts (511).jpg,prutskiy
./dataset/pruts (512).jpg,prutskiy
./dataset/pruts (513).jpg,prutskiy
./dataset/pruts (514).jpg,prutskiy
./dataset/pruts (515).jpg,prutskiy
./dataset/pruts (516).jpg,prutskiy
./dataset/pruts (517).jpg,prutskiy
./dataset/pruts (518).jpg,prutskiy
./dataset/pruts (519).jpg,prutskiy
./dataset/pruts (520).jpg,prutskiy
./dataset/pruts (521).jpg,prutskiy
./dataset/pruts (522).jpg,prutskiy
./dataset/pruts (523).jpg,prutskiy
./dataset/pruts (524).jpg,prutskiy
./dataset/pruts (525).jpg,prutskiy
./dataset/pruts (526).jpg,prutskiy
./dataset/pruts (527).jpg,prutskiy
./dataset/pruts (528).jpg,prutskiy
./dataset/pruts (529).jpg,prutskiy
./dataset/pruts (530).jpg,prutskiy
./dataset/pruts (531).jpg,prutskiy
./dataset/pruts (532).jpg,prutskiy
./dataset/pruts (533).jpg,prutskiy
./dataset/pruts (534).jpg,prutskiy
./dataset/pruts (535).jpg,prutskiy
./dataset/pruts (536).jpg,prutskiy
./dataset/pruts (537).jpg,prutskiy
./dataset/pruts (538).jpg,prutskiy
./dataset/pruts (539).jpg,prutskiy
./dataset/pruts (540).jpg,prutskiy
./dataset/pruts (541).jpg,prutskiy
./dataset/pruts (542).jpg,prutskiy
./dataset/pruts (543).jpg,prutskiy
./dataset/pruts (544).jpg,prutskiy
./dataset/pruts (545).jpg,prutskiy
./dataset/pruts (546).jpg,prutskiy
./dataset/pruts (547).jpg,prutskiy
./dataset/pruts (548).jpg,prutskiy
./dataset/pruts (549).jpg,prutskiy
./dataset/pruts (550).jpg,prutskiy
./dataset/pruts (551).jpg,prutskiy
./dataset/pruts (552).jpg,prutskiy
./dataset/pruts (553).jpg,prutskiy
./dataset/pruts (554).jpg,prutskiy
./dataset/pruts (555).jpg,prutskiy
./dataset/pruts (556).jpg,prutskiy
./dataset/pruts (557).jpg,prutskiy
./dataset/pruts (558).jpg,prutskiy
./dataset/pruts (559).jpg,prutskiy
./dataset/pruts (560).jpg,prutskiy
./dataset/pruts (561).jpg,prutskiy
./dataset/pruts (562).jpg,prutskiy
./dataset/pruts (563).jpg,prutskiy
./dataset/pruts (564).jpg,prutskiy
./dataset/pruts (565).jpg,prutskiy
